app_code,sub_id,file_name,label,line_number
pnoistor_feb2023,bcuofpadummy_e65f7832,pnoistor_feb2023-bcuofpadummy_e65f7832-VBA_before-dc11-comnt.txt,xx,13
pnoistor_feb2023,bcuofpadummy_e65f7832,pnoistor_feb2023-bcuofpadummy_e65f7832-VBA_before-dc11-comnt.txt,xx,24
pnoistor_feb2023,bcuofpadummy_e65f7832,pnoistor_feb2023-bcuofpadummy_e65f7832-VBA_before-dc11-comnt.txt,xx,26
pnoistor_feb2023,bcuofpadummy_e65f7832,pnoistor_feb2023-bcuofpadummy_e65f7832-VBA_before-dc11-comnt.txt,xx,28
pnoistor_feb2023,bcuofpadummy_e65f7832,pnoistor_feb2023-bcuofpadummy_e65f7832-VBA_before-dc11-comnt.txt,xx,30
pnoistor_feb2023,bcuofpadummy_e65f7832,pnoistor_feb2023-bcuofpadummy_e65f7832-VBA_before-dc11-comnt.txt,xx,32
pnoistor_feb2023,bcuofpadummy_e65f7832,pnoistor_feb2023-bcuofpadummy_e65f7832-VBA_before-dc11-comnt.txt,xx,43
pnoistor_feb2023,bcuofpadummy_e65f7832,pnoistor_feb2023-bcuofpadummy_e65f7832-VBA_before-dc11-comnt.txt,xx,45
pnoistor_feb2023,bcuofpadummy_e65f7832,pnoistor_feb2023-bcuofpadummy_e65f7832-VBA_before-dc11-comnt.txt,xx,47
pnoistor_feb2023,bcuofpadummy_e65f7832,pnoistor_feb2023-bcuofpadummy_e65f7832-VBA_before-dc11-comnt.txt,xx,49
pnoistor_feb2023,bcuofpadummy_e65f7832,pnoistor_feb2023-bcuofpadummy_e65f7832-VBA_before-dc11-comnt.txt,xx,51
pnoistor_feb2023,bcuofpadummy_e65f7832,pnoistor_feb2023-bcuofpadummy_e65f7832-VBA_before-dc11-comnt.txt,xx,62
pnoistor_feb2023,bcuofpadummy_e65f7832,pnoistor_feb2023-bcuofpadummy_e65f7832-VBA_before-dc11-comnt.txt,xx,64
pnoistor_feb2023,bcuofpadummy_e65f7832,pnoistor_feb2023-bcuofpadummy_e65f7832-VBA_before-dc11-comnt.txt,xx,66
pnoistor_feb2023,bcuofpadummy_e65f7832,pnoistor_feb2023-bcuofpadummy_e65f7832-VBA_before-dc11-comnt.txt,xx,68
pnoistor_feb2023,bcuofpadummy_e65f7832,pnoistor_feb2023-bcuofpadummy_e65f7832-VBA_before-dc11-comnt.txt,xx,70
pnoistor_feb2023,eltiltadummy_7f239157,pnoistor_feb2023-eltiltadummy_7f239157-VBA_after-e86c-comnt.txt,xx,32
pnoistor_feb2023,eltiltadummy_7f239157,pnoistor_feb2023-eltiltadummy_7f239157-VBA_after-e86c-comnt.txt,xx,43
pnoistor_feb2023,eltiltadummy_7f239157,pnoistor_feb2023-eltiltadummy_7f239157-VBA_after-e86c-comnt.txt,xx,45
pnoistor_feb2023,eltiltadummy_7f239157,pnoistor_feb2023-eltiltadummy_7f239157-VBA_after-e86c-comnt.txt,xx,47
pnoistor_feb2023,eltiltadummy_7f239157,pnoistor_feb2023-eltiltadummy_7f239157-VBA_after-e86c-comnt.txt,xx,49
pnoistor_feb2023,eltiltadummy_7f239157,pnoistor_feb2023-eltiltadummy_7f239157-VBA_after-e86c-comnt.txt,xx,51
pnoistor_feb2023,eltiltadummy_7f239157,pnoistor_feb2023-eltiltadummy_7f239157-VBA_after-e86c-comnt.txt,xx,62
pnoistor_feb2023,eltiltadummy_7f239157,pnoistor_feb2023-eltiltadummy_7f239157-VBA_after-e86c-comnt.txt,xx,64
pnoistor_feb2023,eltiltadummy_7f239157,pnoistor_feb2023-eltiltadummy_7f239157-VBA_after-e86c-comnt.txt,xx,66
pnoistor_feb2023,eltiltadummy_7f239157,pnoistor_feb2023-eltiltadummy_7f239157-VBA_after-e86c-comnt.txt,xx,68
pnoistor_feb2023,eltiltadummy_7f239157,pnoistor_feb2023-eltiltadummy_7f239157-VBA_after-e86c-comnt.txt,xx,70
